,title,body,flair
101,Flavored milk,"Hello India. 

I read that there are a bunch of flavored milks in India. 

Is that true? 
If so what are some flavors and what do you drink? 

Here in the US we only have chocolate or strawberry and they are very sweet. 

Thanks in advance.",Food
89,"You Might Have a Traffic Challan Pending Online and Not Even Know it, Here’s Why",,Non-Political
95,Ex-Chief Minister Ajit Jogi's Son Amit Jogi Arrested In Forgery Case,,Politics
77,Confronting Line Cutters.,"I was in a Ratnadeep store buying some groceries. I went to the counter to pay as usual. There were two people in front of me, an elderly man and a woman in her 30s. As the woman was paying, the elderly man cut the line to get something he forgot. While he was gone, the woman finished her transaction and left. It took another 20 seconds for him to return. I stood there along with another woman behind me out of courtesy for the old man.  When he returned, seeing us waiting, he apologized and thanked us. We greeted him and smiled back. Fair enough

Now it was my turn, as I was reaching to my pocket, 'backassward-ly"" a young man in his teens enters the shop, grabs himself a loaf of bread and stands right in front of me. I froze for a second. It was the most extraordinary transition to an ""unexplored territory"". The cashier herself was visibly irritated. She told him that she was attending to me and that he should fall back in line just like everyone else. He smirked and stood behind; in between the lady and me. I couldn't handle his behavior and flipped. I said to his face, what he was doing was wrong and he should have the least courtesy towards other customers. He had that look in the face which completely describes and ghetto teen filled with cynicism and packed with attitude. 

The woman behind me told me to calm down and let him get over with. I paid for my shit and left.

As I reflect now, there is one thing I realize. If we wish to change the country for the better, it should start from us. At the end of the day, you can only change yourself. As citizens, we must start taking responsibilities and not be those who vocally pledge nationalism, but those who live by the oath in action.",[R]eddiquette
94,What are the top 2nd Tier cities to move to in India?,"Considerations-

-Self-employed couple.

-Good primary education/schools.

-Low pollution.

-Cosmopolitan/tolerant populace.

-Good air connectivity.

-Good food.",AskIndia
197,"‘Hide in a basement, take a bath’: Watch tips on surviving nuclear attacks, as suggested by Zee News",,Politics
163,Bernie (Sanders) Speaks Up On Kashmir Crisis,,Politics
172,"With meticulous planning, mass arrests and ‘torture’, Kashmir's autonomy was lost",,Politics
49,"OPINION | Population Regulation Bill Is Coercive, Will Ultimately Lead To Sex-Selective Abortions",,Policy/Economy
193,Happy Ganesha Chaturthi!,,Non-Political
11,TIL an Indian diplomat was kidnapped and killed by Kashmiri militants in 1984,,Non-Political
116,Artist Badaal Nanjudaswamy recreates an astronaut walking on moon full or craters in Bengaluru,,Unverified
156,RSS Body Urges PM Narendra Modi To Reconsider Bill and Melinda Gates Foundation Award,,Politics
66,"Gujarat's diamond industry loses sheen as 60,000 turn jobless and a few resort to suicides",,Non-Political
122,"#WATCH: Bike borne chain snatchers caught red-handed by a woman and her daughter in Nangloi, Delhi on August 30. The chain snatchers were later arrested by police.",,Non-Political
2,"Kashmir protests get ugly again in London, Indian High Commision targeted",,Politics
161,India’s mobile payments firm MobiKwik reaches rare key profit milestone,,Business/Finance
104,"In light of the impending probable implementation of NRC in West Bengal, I feel it is my duty to tell the story of my family (and in part, of my community) before it is lost in a sea of thousand stories.","I did not wanted to get so personal on the Internet but I have to do this.

I am a lower caste hindu bengali also known as Namashudra. Although I call myself an agnostic hindu, people generally don’t see it that way. I don’t use my SC certificate for any favours which in turn angers everyone in my family. My grandfather came to India in 1955 from east Pakistan. He came with a wife and two sons (my father was one of them). My uncle and aunt were born later in India. You could say that they were the first Indians of my family. My grandfather settled in a small town by the river, on illegally acquired marshland, like many others who came and settled here. It took my family 40 years to come out of poverty. I remember that very clearly as it happened during my childhood. My generation was the first in my family to even finish school and go to college.

Namashudras have been suffering for hundreds of years under the British and also hindu zamindars and muslim nawabs but the partition hit us the most hard. Before he had to come here, my grandfather was an independent fisherman in his own land but here he was a contract labour living on borrowed land. India welcomed the refugees but the people never really opened their hearts to us. I don’t want to generalise but this prejudice and alienation persists still today. For some elite ‘bhumiputra’ hindu bengalis, the Namashudra refugees rank lower than ‘bhumiputra’ muslim bengalis, no matter the circumstance. I can forgive but how can I forget the taunts from some of my friends that I have to endure despite being an Indian just like them. They do not feel like innocent japes.

I am politically a bit left leaning but I don’t trust any political parties. In the last 70 years all parties have exploited our community for votes and I reckon they will continue to do so. My own uncle (who was the first Indian in my family) was arrested forcefully and killed in police custody (sometime between 1972-1974) because he had naxal friends and thus considered dangerous. All my life, people have tried to ignite my supposed resentment towards my country and they have failed. I have and always will love India and its people. Despite its flaws, I still have faith in the system. I do not have any anger towards any country, religion or community or hate all the people because of crimes committed by some of them who are lost. I still trust humanity.

So what has all this got to do with NRC? It is a complicated process to say the least and conducted by the Indian bureaucracy. Many mistakes will be made, both honest and dishonest. My family and many like us has some of the needed documents but they are in a sorry condition. It all boils down to the availability of our legacy data kept by the government. Even after all that, me or any of my relatives or people in my community whom I know personally, who have lived in India for many decades might lose their citizenship due to a technical glitch or clerical error. Many might get citizenship illegally. But this is not the time to panic or start fear-mongering but to become alert to our current predicament as a law abiding citizen of India. I do not claim to know all the technicalities but I have started to inform people in my locality as best as I can, to prepare the documents and get ready for this process as civililised people.

But some questions remain. Why only border states? Why not the whole country? Why not every region with or without any special allocation for any special community? Why only certain religious immigrants are invalid? If the law is the law and law is equal for everyone then why not all illegal immigrants are shown the door? India has enough mouths to feed. Does it need more come flooding in just because they are minority in another country but majority here? I am willing to take that risk but what about you?

I apologise in advance for not being able to reply to your comments on time.

Jai Hind.",[R]eddiquette
61,Srinagar Mayor Under House Arrest After Criticising Kashmir Move: Reports,,[R]eddiquette
112,The Trade War has Come to India. Is it Ready for It?,,[R]eddiquette
180,And then he cancelled.,,[R]eddiquette
38,"2 Amity University boys thrashed by fellow students over car parking issue, netizens demand justice",,Non-Political
23,"Bi-Weekly Music Thread - September 04, 2019","What is r/India listening to this week? Share your playlists here. Use this thread to discuss artists, songs, albums and genres. If you are musician yourself, do share your work here!

----

Note: Try and link the songs/albums/podcasts instead of just mentioning them. Official links provided by the artists themselves are preferable.

[Previous threads here.](https://www.reddit.com/r/india/search/?q=Bi-weekly%20Music%20Thread&restrict_sr=1&sort=new)",Scheduled
178,A question regarding Indian caste system.,"How exactly does the caste system work in modern day India?
I read occasionally about how some dalit is denied services or beaten or discriminated against.
I mean is there some method of identification based on castes or something.",AskIndia
146,Places to drink with friends in Raipur?,"So I'm really just looking for a decent, not too expensive place to drink in Raipur, female friendly types. Any suggestions? I saw a couple on google maps but I can't get a proper read or feel for them.",[R]eddiquette
7,Pakistan allows trade of life saving drugs with India,,Non-Political
186,NRC flop show!,,Politics
199,Free rice for flood victims: Centre rejects Kerala’s request,,Politics
198,Are the Kashmiris really being 'tortured' by the Indian Army as BBC news claims?,"If they are, why is this not gaining enough media attention? Like the Hong Kong situation, for example.",AskIndia
46,Looking for gym name suggestions,"Tired of the run of the mill gyms with 'untrained' trainers (easy catch - look for one who asks you not to move your knee at all during squats - he's preparing you for bad form, not correcting you), I'm starting my own place - focused on personalized cost-effective training.

However - the uncreative me is having a hard time coming up with a name for the venture.. Help me come up with a creative name pls.. Catchy - should have a com domain available - shouldn't have other gyms with the same name.

For the name I choose, I'll donate a sum to your fav charity :-)

Edit : not looking for too macho a name - given the locality - I'm going to have a lot of weight loss clients, geriatric fitness clients esp women.",AskIndia
96,"Karnataka Cong Leader DKS Arrested, Bandh Today",,Politics
78,"On Camera, Telangana Farmers Grovel At Officer's Feet Over Ancestral Land. Multiple cases have emerged in the last few months in which the process of computerisation and posting of land records online seems to have become a way of harassing farmers.",,Policy/Economy
189,‘Moonwalk in Bengaluru’: Artist wins hearts with video of astronaut in city’s potholes,,Non-Political
169,"Journalist Who Broke Story of Salt, Roti Being Served as Mid-day Meal in UP Booked for Criminal Conspiracy",,Politics
6,Heavy fines!,,Non-Political
35,Kashmiri student based in Bangalore files petition before the Karnataka HC against communication shutdown,"&#x200B;

https://i.redd.it/qkfwmyh0jik31.png

**September 04, 2019:** It has almost been one month since the Central Government imposed a complete communication shutdown in Kashmir on 5 August 2019. While restrictions have been eased in the Jammu region, the Kashmir valley continues to remain under clamp down with internet and cellular network services suspended. On 19 August 2019, a young Kashmiri student based in Bangalore moved to the Karnataka High Court to challenge the complete communication blockade as violative of fundamental rights of residents of Kashmir and their loved ones living outside the State.   


The Petitioner was forced to approach the High Court because he had been unable to establish contact with his family members in Kashmir. He was especially worried because many of his family members suffer from various health problems and due to the communication shutdown and strict curfews, it has become difficult to call for help or reach hospitals in time. The Petition argues that the complete communication blockade violates Articles 14, 19(1)(a) and 21 of the Constitution of India and it is incompatible with India’s obligations under international human rights law. Most importantly, the Petition highlights that the communication shutdown seems to lack any legal basis because there is no order authorizing the suspension of telecom and internet services which is available in the public domain.   


As a constitutional democracy, what sets India apart is our stated commitment to the rule of law. While imposing such severe and indiscriminate restrictions on an entire community, the Government must at the very least act in a transparent manner. Without access to the legal orders, it is impossible to know under which law the shutdown has been ordered, on what grounds, by which government authority, for what period of time, and whether it has been subjected to any kind of review.  


There have been three hearings in the case so far on 27 August, 30 August and 3 September. The crux of these hearings has been the maintainability of the Petition in light of a similar petition filed by Mr. Tehseen Poonawalla being pending before the Supreme Court. During the hearings, the counsel for the Petitioner has clarified that this case is different because the Petitioner is personally affected by the communication shutdown. Further, High Courts in India have independent and concurrent powers to protect fundamental rights of individuals within their territorial jurisdiction. To us, this is also an access to justice issue because an aggrieved person cannot be compelled to travel all the way to the Supreme Court in Delhi to seek constitutional remedies.  


Internet Freedom Foundation along with Ms. Maansi Verma assisted in drafting the Writ Petition and provided inputs on strategy and policy. The Petition was filed and argued by Mr. Vishwajith Sadanand and Mr. Ravi Varma Kumar and we deeply appreciate their support. While at the moment, IFF does not have the capacity to be a full fledged legal clinic, we do take on this role whenever there is a serious violation of rights of internet users in any part of India. This Petition is part of our larger advocacy against internet shutdowns which are a pan-India problem. Internet shutdowns cause great hardships because ordinary people cannot access many government benefits and essential services such as banking without the internet. In today’s digitized world, the internet cannot be considered a luxury, and access to the internet is a fundamental right and any restrictions on it must be subjected to constitutional scrutiny.   


**Important Links:**

1. Copy of Writ Petition ([**link**](https://drive.google.com/viewerng/viewer?url=https://www.livelaw.in/pdf_upload/pdf_upload-363995.pdf))",Policy/Economy
74,"An estimated 46,000 people live and work on the streets of Delhi. These men, women and children all face serious illnesses because of constant exposure to dangerous levels of air pollution with 10% of the city’s deaths being linked to poor air quality.",,Science/Technology
16,Amity University boys mercilessly beaten over Car Parking issue.,,Non-Political
111,Kashmiri shopkeeper’s killing: Hizbul Mujahideen on radar,,Non-Political
9,"Up To 10 Years' Jail Proposed For Violence Against Doctors In Draft Bill | The Health Ministry has asked for feedback from the public on draft Healthcare Service Personnel and Clinical Establishments (Prohibition of Violence and Damage to Property) Bill, 2019",,Policy/Economy
179,Investigative Journalist Pays the Price for Expose in India,,Politics
185,"Cow attacks BJP MP Liladhar Vaghela, 2 ribs broken, admitted to ICU",,[R]eddiquette
154,Which city is better for long term settlement in India?,"Bengaluru, Hyderabad, Gurugram, Mumbai, Ahmedabad, Indore? Please share reason as well If possible. Profession: Tech",AskIndia
51,Did you know?,"I recently watched the movie The Tashkent Files. I wanted to share some information I came to know. 
The movie is based on some investigation on the death of Lal Bahadur Shastri(Former Prime Minister). You must know how great he was. 
Do you know his birthday?  2nd October? Surprised? Google it! Never got to know? We celebrate Gandhi Jayanti on 2nd October and never knew about him.
You know what we are like robots, we are made to mug up things, and not learn. We are living in a society that doesn't know how to live a life. 
Why the hell we people don't promote these movies? Because it lacks action? Drama? Romance? Songs? We are fools, we are watching everything our society has made us to watch and also the people at Bollywood. What are your thoughts? Share your thoughts people! 

PS:- edits are welcome.",AskIndia
133,Japanese restaurant in Chennai,Which is the best Japanese restaurant to visit in Chennai ? Just read an article about Dahlia and the story was inspiring. Just wanted to know which restaurant will be better for vegetarians? I saw one near Nandanam metro yesterday. Is that good ? Thanks in advance,AskIndia
39,"Netflix, Hotstar to be regulated? Centre mulls certification for streaming platforms",,Politics
152,Aadhaar is back for mutual fund investments,,Business/Finance
32,"Motorcyclist fined Rs 23,000 for traffic violations in Gurugram",,Non-Political
85,What's​ up with the way we drive?,"So this happened a while ago. I work in Mumbai and had bought a car recently. I drive to work everyday and the more I drive, I notice how less we care about rules when driving. This is a funny post though so read ahead

This one time I was stuck in traffic and It was bad. To the point were there was barely a centimeter of space between my cars side mirror and the next cars side mirror. A biker pulls up to my car window and stops because there's no place to get by. He knocks on my window and I roll it down. He then proceeds to say, ""Boss, Side pe chalao na, Bike ko thoda rasta dena mangta hai"" 

I just rolled up my window and began laughing at that point because this was the best argument for a bike lane in India.",AskIndia
1,"Weekly photography thread thread - September 02, 2019","This is a weekly scheduled thread for all the image submissions. Please share a photo that you have clicked or found interesting.

Want to share your images when this thread isn't stickied? Join our Discord server. We have a separate channel #pictures exclusively for image submissions.

[Previous threads.](https://www.reddit.com/r/india/search?q=Weekly+photography+thread&restrict_sr=on&sort=new&t=all)",Scheduled
37,Old video interview of Subramanian Swamy exposing BJP’s extraordinary hypocrisy on Article 370 and Ram Mandir goes viral,,Politics
150,Former Pak envoy to India thinks porn star Johnny Sins is a 'Kashmiri blinded by pellets',,Politics
68,India defends citizenship register after UN criticism,,Politics
92,Flipkart launches Hindi interface to tap into next 200 million e-shoppers,,Business/Finance
0,Kashmir News Coverage - 3,"A summary of news coverage on Kashmir in the past 2 weeks. 

-----------------------  Indian Media -------------------------

India Today:

Kashmir Updates: Governor Satya Pal Malik lists how life has improved after Article 370 move
https://www.indiatoday.in/india/story/jammu-kashmir-ladakh-article-370-congress-modi-live-news-updates-1591294-2019-08-25

Will change the face of Kashmir in 6 months: Governor Satya Pal Malik
https://www.indiatoday.in/india/video/will-change-the-face-of-kashmir-in-6-months-governor-satya-pal-malik-1592812-2019-08-28

TOI:
Nearly 200 terrorists active in Kashmir: J&K governor's advisor
https://timesofindia.indiatimes.com/india/nearly-200-terrorists-active-in-kashmir-jk-governors-advisor/articleshow/70937627.cms

Kashmir battle heads to the Alps 
https://timesofindia.indiatimes.com/india/kashmir-battle-heads-to-the-alps/articleshow/70940488.cms

Aaj Tak:
पुलिस ने कहा- कश्मीर घाटी में हालात सामान्य, अफवाहों पर ध्यान न दें
https://aajtak.intoday.in/story/jammu-kashmir-situation-police-said-not-to-pay-attention-on-rumours-1-1115287.html

Indian Express:
J&K police report: 280 law and order incidents in 3 weeks, Srinagar tops list
https://indianexpress.com/article/india/jammu-and-kashmir-law-and-order-incidents-srinagar-tops-the-list-jk-police-report-5952774/

The Wire:

Zero Deaths in Kashmir? People’s Testimonies Belie Official Claims
https://www.youtube.com/watch?v=QEOHUMp_HhY&t=1s

Ground Report: From 'Jai Hind' to Jail, the Journey of Kashmir's Mainstream Politicians
https://www.youtube.com/watch?v=ipNMyyE6ZNY

---------------------------International Media -----------------

The Guardian : An estimated 2,300-4,000 people, mostly young men, have been arrested in region beset by tensions.

‘A storm has hit my life': the Kashmiri families torn apart by mass arrests
https://www.theguardian.com/world/2019/aug/27/kashmir-families-torn-apart-mass-arrests-continue-india

Washington Post:
Among the 3,000 detained by Indian authorities in Kashmir: Children
https://beta.washingtonpost.com/world/asia_pacific/among-the-3000-detained-by-indian-authorities-in-kashmir-children/2019/08/29/1616b5c0-c91c-11e9-9615-8f1a32962e04_story.html?outputType=amp

Fact Checker by WaPo:
https://www.washingtonpost.com/video/politics/whats-really-going-on-in-kashmir--the-fact-checker/2019/08/23/0da90989-1d0b-486b-8cc4-6a3233f55034_video.html

BBC  (NSFW Warning : contains disturbing images)
'Don't beat us, just shoot us': Kashmiris allege violent army crackdown
https://www.bbc.com/news/world-asia-india-49481180

NYT: 
Inside the Kashmir That India Doesn’t Want the World to See | The Dispatch
https://youtu.be/nyC_Xq8_qYQ

Independent: 
(NSFW Warning : contains disturbing images)
https://www.independent.co.uk/news/world/asia/kashmir-crisis-latest-india-article-370-autonomy-torture-claims-planning-a9086611.html",Politics
159,"Gurugram Police Fines Delhi Man Rs 23,000 as New Motor Vehicles Act kicks in",,Non-Political
177,[NP] A stupid culture I have noticed in college...is this dangerous?,"Okay I am pretty much aware about hookups and have done that in the past (Delhi se hun samaj lo) (also realised it's not my thing) but in college I have witnessed something which is making me lose faith in humanity. One of my close friends went through this and boy did she become a wreck for a while. 

Like a guy and girl become fast friends and then date... 'Seriously' for like 2 weeks and then suddenly one or both of them lose interest. Then total drama occurs because they know each other's personal details. Then they start psychoanalysis and make up bullshit excuses (iT wAS oNlY lIkInG, nOt tRuE lOvE)(who is even looking for true love are we in a TV show?!).   

Like if y'all wanna fuck just hookup yikes. I just don't get it. Am I missing something? Because last time I had a girlfriend I kept that thing going for 2 years. I like to be comfortable with them for a long time before I develop any romantic feelings.  

Also, when it comes to sex I don't get how you can do it with total strangers or people who'd leave you within a few days. That shit's nasty.  

You know what now that I think about how did I never experienced this before in Delhi.",[R]eddiquette
21,Rupee crashes 79 paise; Sensex sinks 400 points,,Policy/Economy
45,"Smashing gender bias: Sindhu, Saina tracing their own paths, not chasing male records",,Sports
81,Doctors Of India - Need advice,So my dad is suffering from chronic spondylitis in the cervical area. Been to  like 10-12 doctors/ physiotherapist still no resolve after 9 years. One of friend living abroad suggested a chiropractor. Does anyone know a good one in India? I can travel to any city no issue for me .,AskIndia
138,This year's hand made Ganesha by my sis,,[R]eddiquette
181,"Random Daily Discussion Thread - September 03, 2019 at 09:15AM","^Beep ^Boop ^Bot, ^I ^am ^a ^bot! ^if ^any ^problem ^askaway ^my ^creator",[R]eddiquette
183,"Won't Use Nuclear Weapons First, Says Imran Khan Amid Tension With India",,Politics
97,Daytime curbs lifted in 90% of Kashmir valley,,Politics
88,Jharkhand: Almost 3.5 Lakh Trees to Be Felled in Palamu Tiger Reserve: Wildlife conservation experts believe the move will significantly damage the reserve's ecosystem.,,Non-Political
29,ZOMATO trying it's best.,,[R]eddiquette
100,India May Have Entered ‘Quasi-Recession’ as GDP Growth Plummets,,Policy/Economy
56,I Am Really Scared: Hindu Bengali Refugees Excluded From NRC List,,[R]eddiquette
107,Ramachandra Guha discusses the best books on Gandhi,,Non-Political
117,Malayalis in Germany protest after Hindu groups object to serving of beef at Indian food fest,,Politics
173,JNU wants to Verify Historian Romila Thapar’s Degrees ! Twitter Seeks to See Modi and Irani’s,,Politics
120,5%...Do you know what is 5%? Chidambaram trolls Modi govt over GDP while going back to CBI custody,,[R]eddiquette
108,India’s online shoppers are all for recycling—if there’s a cashback involved,,Non-Political
19,Indian High Commission in UK vandalised by Pakistani supporters; London Mayor says ‘unacceptable’,,Non-Political
70,Kerala businessman tortured to death by colleagues over Rs 450 cr Bitcoin scam,,Business/Finance
31,BBMP begins road work after video of ‘moon walk’ goes viral,,[R]eddiquette
58,"Nilgai shot, buried alive in Vaishali dist of Bihar",,Non-Political
60,Late Night Random Discussion Thread !,"^Beep ^Boop ^Bot, ^I ^am ^a ^bot! ^if ^any ^problem ^askaway ^my ^creator",[R]eddiquette
149,"TIL: About Global Country of World Peace, an attempt to create micronation inaugurated by Maharishi Mahesh Yogi. It has issued a currency called the ""Raam""","> In 2001, it was reported that the Global Country of World Peace had been unsuccessful in its attempts to establish a sovereign nation after contacting countries in Africa, Asia, and Latin America.[44][45] In November 2000, the GCWP made a proposal to the President of Suriname, offering $1.3 billion over three years for a 200-year lease of 3,500 acres (14 km2) of rural land plus ""1 percent of the money the sovereign state's central bank puts into circulation"" and the creation of 10,000 jobs.[45][46] The UNHCR reported that, in July 2001, the island nation of Tuvalu rejected, after serious consideration, a proposal from the GCWP to create a ""Vatican like sovereign city-state"" near the international airport in exchange for a payment of $2 million per year.[47]

> In 2002, the GCWP asked if they could set up their world headquarters on one hundred acres of land[34] on the 33-square-mile (85 km2) island of Rota which is part of the Commonwealth of the Northern Mariana Islands, a commonwealth of the United States. The GCWP offered to contribute to economic growth of the country but Rota declined, preferring to remain part of the Commonwealth.[48] In Costa Rica, officials of the GCWP ""allegedly offered each family"" on the Talamanca reservation, $250 per month for the right to appoint a king. A ceremony was held on the Talamanca reservation to appoint a local Indian as king of the community.[49] Perceiving the GCWP's actions as efforts to establish an independent state the Security Minister ordered the GCWP representative to leave the country.[50]

https://en.wikipedia.org/wiki/Maharishi_Mahesh_Yogi

https://en.wikipedia.org/wiki/Global_Country_of_World_Peace

https://en.wikipedia.org/wiki/Micronation",Non-Political
126,On conspiracy theories about Zerodha,,Business/Finance
157,"Comments invited on Healthcare Service Personnel and Clinical Establishments (Prohibition of violence and damage to property) Act, Bill : Submit before 2nd October"," 

Department : Ministry of Health and Family Welfare

Deadline : 30 days ( Notice date 2nd September)

Contact id : us-ms-mohfw@nic.in or to Shri. Rajeev Attri, Under  Secretary (Medical Services Division), Ministry of Health and Family  Welfare, Room No. 514(B), A-Wing, NirmanBhawan, New Delhi-11001

Draft documents :[Healthcare Service Personnel and Clinical Establishments (Prohibition of violence and damage to property) Bill, 2019](https://ourgovdotin.files.wordpress.com/2019/09/healthcare-service-personnel-and-clinical-establishments-prohibition-of-violence-and-damage-to-property-bill-2019.pdf)",Policy/Economy
44,This trend of using underage girls as models in Punjabi music videos is disgusting.,,Non-Political
174,"Manmohan used as 'puppet', economy doing quite well under Modi: BJP",,Politics
168,"Woman Raped In Haryana Commits Suicide, Allegedly Over Police Inaction",,Non-Political
69,"[P] Govt. Will Censor Netflix, Amazon Prime & Other OTTs; Is Leila The Trigger Of This Regulation?",,[R]eddiquette
65,"Pak's lawyer admits Islamabad can't take Kashmir issue to ICJ, says it has 'no proof of genocide'",,Policy/Economy
128,Please help me out.,"So I sleepwalked through my undergrad in mech engineering and cleared in 2018 with shit grades from a no name tier 3 college. And have been unemployed pretty much since then due to personal reasons.

 Been applying and interviewing from 2 months and have not struck any good job as I lack any proper technical skills and have average communication skills.

My concerned mom is asking me to move into IT for the pay obviously as we're in a financially stressed situation took out a couple of heavy loans

So please help me with the following questions
1.How viable is an IT career at this point in my life with no CS skills?
2.How hard is the transition to IT since I have no accomplishments or background to speak of?
3.How hard it is going to be to break into by starting from scratch?
4.What kind of life can I expect from my standpoint?
5.How long is it going to be that I make decent money?
6.Given my year gap, am I going to face any difficulties with profile?

If you have any other career/general advice that I can look into, I would be grateful.",AskIndia
188,What are some sources of good online dating in India?,Tinder hasn't been successful yet. And I've been on it for around a year now.,AskIndia
194,"Modi Government’s Policies are Resulting in Massive Job-Less Growth, says Former PM Manmohan Singh",,Politics
110,Priyanka Gandhi to get full charge of Cong's UP unit.,,Politics
27,'They Thought He Was Muslim': Kin of Boy Beaten to Death in Delhi,,Non-Political
34,"‘5%, You Know What’s 5%’: Chidambaram Mocks Govt over GDP When Asked about CBI Custody",,Politics
10,Two boys trashed in University by a girl and her goons,,Non-Political
118,"Hello Top Minds of R/india, Is the Indian economy being nokia-ed?","I am uncomfortable with the narrative that the bureaucrats and figureheads in the Indian government are clueless morons tanking our economy. Why can't it be the same thing Microsoft did to Nokia? Force a fire sale of Indian government assets. Maybe we are up for the biggest wealth transfer to the richest elite in this country since demonetization? Or am i wearing my tin foil hat a little too tight?

Edit: Spelling",AskIndia
62,India: First country to use AI/ML in tax assessment,,Policy/Economy
144,"Mobile network boost for, inside building for private use?","Why don't telecom providers in India provide mobile boosters, which could be installed inside the building? I'm taking about eg. Airtel certified mobile booster for its own network only. Wouldn't this solve the network coverage problem by a milestone? And I'm sure I'm not the only one to think this idea 💡. Then the question is why haven't they done it yet?",AskIndia
99,"Delhi: 5 held for kidnapping, killing 92-year-old ex-govt employee in Greater Kailash",,Non-Political
73,Meet the man who pulls the dead bodies out of canal,,Non-Political
102,"As Bangladesh races ahead of India, Pakistan confirms first use nuclear policy",,[R]eddiquette
40,"Bi-Weekly Books & Articles discussion thread - September 04, 2019","Welcome, Bookworms of /r/India This is your space to discuss anything related to books, articles, long-form editorials, writing prompts, essays, stories, etc.

----

Here's the /r/india goodreads group: https://www.goodreads.com/group/show/162898-r-india

----

[Previous threads here.](https://www.reddit.com/r/india/search/?q=Bi-weekly%20Books%20%26%20Articles%20discussion%20thread&restrict_sr=1&sort=new)",Scheduled
124,Sitharaman-led panel weighs ordinance to ban e-cigarette sales,,Policy/Economy
182,"""Vendetta Of Worst Kind"": Karnataka Congress On DK Shivakumar's Grilling",,[R]eddiquette
72,Kashmir Genocide: Tough to prove 'Kashmir genocide' claim: Pakistan ICJ lawyer,,Politics
36,"Random Daily Discussion Thread - September 04, 2019 at 09:15AM","^Beep ^Boop ^Bot, ^I ^am ^a ^bot! ^if ^any ^problem ^askaway ^my ^creator",[R]eddiquette
143,"Adivasis and the Indian State: How onset of industrialism, modernisation wreaked cultural, social and economic havoc among tribals",,[R]eddiquette
147,"Denied access to crematorium, Madurai Dalits forced to wait with corpse in the rain",,Politics
190,Greater Noida: National Security Act Against Accused In Oppo Firing Case,,Non-Political
113,More non-Muslims spying for Pakistan than Muslims: Congress leader Digvijaya Singh,,Politics
148,What are the key reasons behind India’s rising electronic exports?,,Policy/Economy
84,"‘Torture chambers’ present at more Kerala govt colleges, reveals commission report | The commission, formed after the suicide attempt of a student at University College in Thiruvananthapuram, found that students' union offices were turned into torture chambers.",,Policy/Economy
91,What's your right-before-sleep daily regular activity?,"It could be reading a chapter of a novel, playing a round of a game, jacking off, watching an episode of TV (Additional question: which shows on Netflix work really well viewed an episode a day?)

I'm playing chess these days before sleeping.",AskIndia
119,Pakistan says no change in nuclear policy — ‘Imran Khan’s statement taken out of context’,,Politics
22,Govt does not subscribe to Manmohan Singh’s analysis of economy: Prakash Javadekar,,Politics
98,"Congress's DK Shivakumar Arrested In Corruption Case, ""Congratulates"" BJP",,Politics
26,18 buildings damaged as Kolkata Metro tunnel-borer ‘hits aquifer’,,Non-Political
13,"‘Take photos, why shoot a video?’: Mirzapur DM after journalist booked for story on mid-day meals",,Politics
115,Northeastern States step up vigil against those excluded from NRC,,Politics
59,Woman set ablaze by stalker suffers 95 per cent burns. A 28-year-old married woman was set on fire allegedly by a stalker for refusing to have sex with him at Chinnasalem on Saturday.,,[R]eddiquette
139,ICICI Bank account created on my email... BUT NOT ME!,"so 3 days ago i got an email saying someone requested a new Email ID to be registered to an account with ICICI Bank, ignored it as it was obviously a mistake as i don't have an account with them.

The next day i got another email with attachment showing an account has been opened. It shows the form they filled out with there details... and had a PDF attached which was password protected which i couldn't access, i have a somewhat common name which is my email address. 

now it seems like i'm getting all this customers emails with his details..... 

I have looked on the bank website and can't seem to find a best contact email or number to resolve this issue, anyone know who to contact to resolve this serious breach of privacy.",AskIndia
47,"UP: Rickshaw puller from Delhi who lured women on Facebook with fake Facebook ID of IPS officer, held | Bareilly News - Times of India",,Non-Political
50,In need of urgent advice regarding career! Please help.,"Hi,

I am a 25 year old Indian national living in Thailand with my family. I did my undergrad in Thailand in BBA in Finance. After that I joined my family trading business of loose diamonds. After a year in the business, I joined a Thailand based diamond jewelry export company (owned by an Indian-American). 

I am working in the jewelry company for the past two years but since I am the youngest I am given odd works. I am being paid 55,000 baht per month (after tax). 

I was wondering what my options for a secure future are? I am starting to get complacent in my job - getting comfortable with my monthly salary which I do not want. If I get fired or if I want to switch my job, I do not feel I have enough skills to get an equivalent salary. 

Another issue is that the jewelry industry is shrinking. I am also not sure if I enjoy the industry as much. I have a few options in mind but opinions are needed. My options are -
1. CFA
2. MBA
3. Starting a business

I am so confused in life about my career that I hate even thinking about it. My work timings are 8:30 am to 6:30 pm (Mon-Fri). Saturdays I work 8:30 am to 12:00 pm.

I have around 10 lakh baht saved since I live with my family. But we do not have any asset - no house, car, etc.

Please help.

Edit - For MBA, I would love to go to the Western countries or India - wouldn't do it in Thailand. I do not mind shifting back to India if required. My family is not very well off. My parents do not have a lot of money save for their retirement.",AskIndia
8,Save Aarey Forest,,Non-Political
53,Plastic Waste Along the Ganges | National Geographic - A non-profit organization's efforts to reduce the plastic pollution in Ganga,,Non-Political
127,[Ask Reddit] I live in Hyderabad and my hometown is in M.P. Can i apply for passport in Hyderabad?,"As the title suggests, currently I am working in Hyderabad and my Hometown is in M.P. so from where can I apply for passport. Can you suggest me some answers. It's very urgent.",AskIndia
105,Asking for some useful advice before reapplying for schengen Visa,"Randians, I am planning to visit Schengen area Solo in late October and early November for about 2 weeks. I am planning to visit **Barcelona , Amsterdam , Paris and Brussels(2-3 days every place)**. Actually the issue is i tried to do the same sort of trip solo at the very same time (coincidence, isn't it?) **via Germany about 2 years back** when i was a student and had sufficient funds (transferred enough money from my dad's account to mine about 6-7 months before applying) and proper paperwork, **the embassy still rejected my tourist visa with only reason that my application is failing to have the needed justification for your purpose and conditions of the planned travel and stay(i think i should have shown dad's statement instead of mine(silly me), a friend did this last year when he went to UK)**.

*I had paid lodging and everything in Berlin through AirBnB . I appealed against refusal but they still didn't approve my visa.* 

After that I travelled in South East Asia for 2 weeks about a year ago so that my passport has at least one stamp. Now I am employed(first job) since last 7 months(I don't have an ITR document , i joined in the last month of FY). 

**I am planning to apply through Spain(9% rejection rate) or Nederlands also high rejection rate.** 

Now guys i need your **help and tips so that i could avoid Visa refusal again**. Also  I was also thinking of **applying through Estonia (2% rejection rate)  and then move from there to Barcelona or Amsterdam** or whatever nearest .Also this time when i am employed ,should i get a letter written up by my parents or show their bank statements instead of mine? I hope you guys could help me out and guide me so that i can make a kickass application.  Thanks!",AskIndia
54,Is Apple generally this horrible or did I get plain unlucky?,"Last year, I bought my wife a 2017 Macbook Air as a birthday gift. It worked great, looked great and was everything she wanted in a laptop

So this year, I bit the bullet and bought myself a Macbook Air as well, the one with the new keyboard. This was in March

Fast forward to 4 months later and my new Macbook Air has a keyboard with a spacebar that doesn't work (which basically means that the laptop is useless). Apple replaces it (in 2 fucking weeks) and acknowledges that it's an ongoing issue with all Macbooks with the new butterfly switches. They also tell me that it will happen again so be prepared for it (in other words: buy our extended warranty).

Around the same time, my wife's Macbook Air starts freezing randomly. Unfortunately, her laptop's warranty expired while we were traveling and we couldn't buy the extended warranty in time (which costs nearly 33% of the laptop's cost, btw). 

Apple said that the laptop's logic board is screwed and will cost 40k to replace. I bought the laptop itself for 57k.

In 1 year, I've spent over 1.5L on Macbooks and both of these have been lemons. Meanwhile, my 6 year old Lenovo is still going strong, as is my other 3 year Lenovo

Is this the general Apple experience?",AskIndia
75,Several CNG Stations Shut in Mumbai After Fire at ONGC Plant Hits Supply,,Non-Political
20,"""Scooty Worth 15,000"": Gurgaon Man Fined Rs 23,000 Under New Traffic Laws",,Non-Political
130,Greenery in Delhi is underrated. (Jor Bagh) (3024x4032),,Non-Political
18,"Intolerant India , you get abused for following the rules","Have you ever seen people breaking the queue to get a rail ticket? I think this an every day scene at the counter. I am a daily passenger and I had to renew my quarterly pass , thus I arrived at station 40 mins prior to my train departure. I issue a first class pass but as there were only 20 people I joined the queue and waited for my turn. A lady came rushing and went straight to the window , at this moment 10-12 mins must have passed and queue was growing as 2 major trains depart and morning rush hour had begun.
I requested her to join the line and got a reply “train is about to come , will miss it” . I said everyone waiting is to board the same train and I informed the ticket guy to not issue a ticket to her. At last she had to leave and she shouted the words “Idiot bastard” and rushed away shedding her pride. Am I the idiot/bastard in this case ? Why do people get offended when they are being simply told to explain simple rules every citizen has to follow. I know this is very common but I am more offended coz of her retaliation. Also I don’t know why 80% of us don’t speak up against these literate fools who think they have the right to oppress other fellow citizens. I could have abused her right away but didn’t think it was required .
(I have seen people getting butt kicked for this in Mumbai and many metros just to strengthen my argument)",AskIndia
42,"India’s Restaurants Rebel Against Food Delivery Apps: Frustrated by the steep commissions and discounts that apps like Zomato and Uber Eats push on restaurants, thousands have started a movement to #Logout from them.",,Business/Finance
30,BJP leader Murli Manohar Joshi says India needs a leadership that can argue with PM fearlessly[P],,[R]eddiquette
160,How’s cellone/Bsnl postpaid?,"Looking to switch from idea. How has your experience been overall? How do find the coverage while travelling?


Really sick of idea Vodafone and Airtel. Can’t even male calls the first time anymore. And they seem to have removed option to pick 2G on iPhones.",Non-Political
5,How to get rid of an annoying relative/family member who has overstayed his welcome?,"So, y'all know how close family members are in Indian (and probably most Asian) societies. But we have this family member, let's call him 'K', who has been living at our house for the last 3 days? K has visited us quite a few times and stayed for a night or two in the past. The reason he's staying at our place is cause he got transferred to the city we live in (due to his own stupidity, I must add). 

Now, my family is going through a tough time, so we have problems of our own, while this motherfucker shows up everyday, sits in front of the AC from 4PM to 9AM (after he's back and until before he leaves for work), lying there like a fuckin' sunbathing crocodile. Nobody at our home uses the AC for more than 4-5 hours, and that's usually from 10PM to 2-3AM (when Mom or Dad wake up and turn it off). While my family is financial stable, I hate this freeloader dude comin' in, 3-4 days a week, using up more shampoo than the 3 of us combined, eating like a starving elephant, consuming electricity like there is no tomorrow....and more, but you get the point.

Oh, and did I mention that K's wife back home is sick? And he's sending his kid homework answers on freaking WhatsApp. Also, this dude can easily take like 30 days off no problem (cause of a fairly high 'post' in a government job). God, so frustrating to handle him cause he also wants to poke his nose in all our family matters.

TL;DR: Annoying family member staying at our place, freeloading shit, while his wife is sick and kid needs help with homework and he can actually take a leave while he works on transferring back to his city.

Any solutions?",AskIndia
195,Pakistan will never ever start war with India: Imran Khan,,[R]eddiquette
141,"5 killed in major fire at ONGC plant in Navi Mumbai, gas diverted to Gujarat plant",,Non-Political
171,"In Kashmir, the initial bravado seems to be giving way to nervousness",,[R]eddiquette
192,"Fake 500 rupee notes up 121% in 2018-19, says RBI",,Policy/Economy
79,"'Sell More, Earn More': Drug Company Reps Bribe Quack Doctors to Prescribe Anti-Biotics",,Non-Political
165,"Are there any famous activist investors like Carl Icahn in India? If yes, who?",,Business/Finance
129,RSS body urges PM to reconsider Bill and Melinda Gates Foundation Award,,Politics
90,One Jamaat-ul-Mujahideen Bangladesh cadre held in Kolkata,,Non-Political
25,China's geopolitical ambitions extend to both Pakistan and Indian Kashmir,,Politics
83,"""Took Me 9 Months To Get Back To Flying, Abhinandan Back In 6"": Air Chief",,Non-Political
15,Andhra Pradesh: Dalit MLA stopped from entering Ganesh pandal,,Politics
132,Voodoo Economics,,Policy/Economy
55,"Those that choose not to beat their kids, what effective methods have you used to discipline them?",Random thought. I wonder how our generation will manage antics and tantrums of wayward children.,[R]eddiquette
170,Help planning my trip to Delhi to see some places in between as well.,"I need to reach Delhi by Saturday noon so I can go to Manali from there. I'm starting from Chennai by myself and it's a long journey by train if I start by Thursday evening.

So I was wondering if there is something I can do to break the journey and see a couple of places on the way before I reach Delhi. 

I was thinking of Goa but then that's not on the way.",AskIndia
191,"73-year-old Dr Deven Dutta served community even after retirement, Assam mob thanked him by lynching him to death",,Non-Political
137,"Hey so I've come for a vacay to India and rn I'm the NCR for a week. Any recommendations for what I should do? Places I should visit? And pubs, clubs, restaurants? I used to live in India as a child so I've done all the sightseeing!",,AskIndia
41,Heartwarming video of dog digging her puppies out of debris leaves netizens emotional,,[R]eddiquette
184,"Sensex Plunges Over 400 Points, Nifty Slips Below 10,900: 10 Things To Know",,Business/Finance
125,What are some books/articles that co-relate Political Science with Economics in India?,"Public policy decisions have the most impact on a country's economic performance. I'm curious to know the results of  popular public policy decisions made over the last 2-3 decades and the economic impacts of that. Is there any reading material that someone can suggest on this topic? Probably some of these topics could possibly have been covered in Political Science or Economics textbooks, can anyone confirm? Please note, I do not come from a Social Sciences background. I'm an engineer so I did not get an opportunity to go through social sciences textbooks.",AskIndia
175,How can I converse in English properly?,"I am your average middle class guy who lived in a middle class society, interacted with middle class people and studied in an English medium school where majority of the time we talked in Hindi itself.

When it comes to writing in English, I guess, I am good enough but the real problem comes when it comes to speaking. Most of the time when I talk in English, like in an interview or something, I first think in Hindi and then translate whatever I want to speak which leads to a lot of 'ummm...ahhh, you know' moments which is awkward. It is not like I can't speak properly but I just do not feel comfortable speaking in English.

I am finally placed and will be joining the corporate world in Jul 2020. I wanted to know about ways in which I can improve my English speaking skills.",AskIndia
153,Can India reduce deaths on one hazardous road to zero? This group is trying.,,Non-Political
82,"Just got cheated on, rindians (heh) what has your experience been like with cheating? How to cope?","So met this girl from tantan, went out for a couple of months. Did everything pretty early on (yeah I know, huge red-flag, hindsight 2020 and all). First relationship as a 26 yo so I fell for it, hard. There were many more red flags, ignored all of them. Turns out I was the side guy in a 4 year old relationship. She has no remorse, no guilt, zilch. I only every read about it online, never thought I would be writing such a post myself. That too first time in life a girl took ""interest*. FML 

Just wanted to lay it out, not even a throw away, fuck it I didn't do anything wrong. Stay safe bros and sisters, you never know. She always was so genuine but was lying to my face. I'm also afraid she may lay false accusations and such. Have all chat records as backup in case.

So anyone else here who got shat on massively? What was the recovery like? Tips?

Don't drink I'm afraid so drinking away my sorrow  thing won't work.",AskIndia
106,Artist 'walks on the moon' to highlight state of Bengaluru roads,,Non-Political
131,Sikkim rail project: Is it development or disaster waiting to happen?,,[R]eddiquette
134,How developed are Indian cities compared to foreign cities in their league economy wise?,"There is far less data about regional GDP/PPP/GNI per capita but still I managed to find some cities for comparison: 

India(Delhi)-$20,139 PPP per capita(2018)

China(Chongqing)-$18,783 PPP per capita(2018)

Vietnam(Ho Chi Minh City)-$21,167 PPP per capita(2018)

Philippines(Manila)-$25,843 PPP per capita(2017)

What do people who have been to Delhi and one of the three other cities think about the comparison? Feel free to add in more foreign cities if you can post PPP per capita of that city which should be around $20,000. 

Also Chongqing is different as nearly half of its population is rural, it is the most rural Chinese municipality, but it's the closest to $20,000 among major Chinese cities so I included it anyway, by some metrics these four cities are the most populous cities in their respective countries too.",AskIndia
166,Need advice for a fashion boutique store,"Okay, throwaway time to keep professional life separate from personal.

I am currently running a fashion boutique in Pune in the upper-middle class price range. I have a store, an Android app, a website, and an Instagram page (the last three feature the latest collection of designs). The last 3 months of the calendar year are prime sales season, I am planning to ramp up my marketing activities to increase store sales.

What are some marketing ideas that are unique and also might work well? I am willing to pay for a professional marketer, but I want to have a better idea of the pros and cons of each process. 

And hopefully, the discussion over here will also help other business owners.",AskIndia
52,MP Students Seen Washing Utensils In Drain Water After Mid-Day Meal,,Policy/Economy
187,"1,500 Mumbaikars form 3km-long human chain to protest cutting of 2K trees in Aarey",,Non-Political
151,SC notice to Chennai man for allegedly intimidating Rajeev Dhavan - Retired government official N. Shanmugham sent a letter threatening the senior advocate for representing the Muslim side in the Ayodhya title suit appeals,,[R]eddiquette
87,"Andhra Pradesh government starts taking over liquor business | The AP govt plans to reduce the number of liquor outlets from 4,380 to 3,500 and eventually phase them out. - The govt-run shops will operate from 10 am to 9 pm. They will not sell more than three alcohol bottles to a customer",,Policy/Economy
76,"Motor Vehicles Amendment Act Comes Into Force: Rs 23,000 Fine For Delhi Man In Contravention Of New Traffic Rules",,Policy/Economy
155,Don't decide Ayodhya case on Hindus' belief: Muslim parties to SC.,,Non-Political
28,"Cartoonscape — September 4, 2019, The Hindu",,Non-Political
48,Explain me on article 370 in a broader aspect,"Hi all, 

I have been tracking the news over internet for a while but i am missing clarity on the issue. Could someone please explain me on Indian, Kashmiri, pakistan and international view on this. 

1.Why India would like to include kashmir to 370?

2.why pakistan is not liking the move?

3. Why international attention and their interest to intervene on this",AskIndia
14,"Salt and roti in mid-day meal expose: Take photos, don’t shoot videos, U.P. District Magistrate tells print journalists",,Politics
3,"‘The most terrifying moments’: India counts down to risky Moon landing | If touchdown is successful, Chandrayaan-2 will be the first lunar mission to explore the south pole.",,Science/Technology
17,"Pakistan lacks evidence to prove 'genocide' in Kashmir, says its ICJ lawyer",,[R]eddiquette
71,Do they not make good family-comedy shows anymore?,"I was looking for some recent comedy shows to watch with my family, on Google, but literally everything just points to shows from the 90s and the 2000s. There are some very good shows from that era (Office Office, Sarabhai, Kichdi, etc.), but every ""comedy"" show I see them make today is either just crap or not family-friendly.

Do they not make those shows anymore? Where did the magic go?

If you know any recent shows that are good and family friendly, please let me know. (Except BDSAH, seen it)",Non-Political
67,"""Take Photos, Why Make Video?"" UP Official On 'Roti And Salt' In School",,Non-Political
114,Jokes on Delhi Metro,"Hello, i am writing some jokes on Delhi metro and i am out of content, i would really appreciate if you can give me some content to work on, these are the 4 topics i need content on.

 Joke 1: Morning rush in Metro yellow line

Joke 2: Rajiv Chowk

Joke 3: Couples in metro

Joke 4: Random metro facts",AskIndia
145,No action against Mohammed Shami till we see chargesheet: BCCI - Times of India,,Sports
33,Follow traffic rules!,,Non-Political
196,Here is my mom's handmade Ganesha! It was made with Sadhu clay. Ganpati Bappa Morya!,,Non-Political
164,Electrical outlets in India,"Hello! I will be visiting your country for the first time next month and am very excited. I had a question about your electrical outlets. This link says the C, D and M style outlets are most common over there. My adapter will only work for the C style. Are the D & M style outlets really common over there? I guess worst case scenario, I can buy another adapter while I'm there. Thank you!

[Electrical Outlets](https://www.worldstandards.eu/electricity/plugs-and-sockets/)",[R]eddiquette
24,"Electricity bills set to rise in UP, up to 12% power tariff hike approved",,Non-Political
135,Registration status for Smart India Hackathon 2020,"There's no registration flow for participants @ [https://www.sih.gov.in/](https://www.sih.gov.in/)  for the 2020 hack. Trying to register via the mobile app gives me a \`Server Error\` , Is there something I'm missing?",AskIndia
123,"Apurvi Chandela, Deepak Kumar hand India fourth gold medal in Rio Shooting World Cup",,Sports
140,Thaalam - Rhythm Of The Nation | A.R. Rahman | Virtual Bharat,,[R]eddiquette
136,Merger of 10 PSU banks unlikely to revive credit flow,,Policy/Economy
80,Congress leader DK Shivakumar arrested in money laundering case,,| Not Original/Relevant Title |
158,Torn between whether to choose Canada or Australia for further studies,"Hello Everyone! 


I have a bachelors degree in commerce and I am now eyeing for further studies. As I have a three-year degree, Canadian universities are not accepting me and the only option I have is to enroll for those two-year diplomas. But I have heard that these two-year diploma courses are not worth it as they are simply used for getting PR. How true is that? Are there any colleges that offer some decent eduction


I aim to settle whichever country I choose so PR is important for me but I also need quality education. 


As far as Australia is concerned, it is a good option but it's very expensive so I have to take up a loan. 



I am mainly interested in business/marketing/commerce/finance/economics or maybe social work. 



So can you people suggest me what to do? (My grades are decent I do not plan on taking GMAT/GRE)",AskIndia
103,Delhi Assembly Elections: AAP launches I Love Kejriwal campaign,,Politics
64,Mirzapur,,Politics
93,"After Spending Teen Years in India, Adnan Sami's Son Azaan Calls Pakistan His Home",,Non-Political
109,"""Not Happy, Pray He Is Out Soon"": BS Yediyurappa On DK Shivakumar Arrest",,Politics
121,M(22) first solo travel to India - Help appreciated :),"Hello r/India,

Hope this is the right place to post this :)

I'm about to go on my first solo trip from end of October to mid-December in India.   
The trip will be around 6-7 weeks and I have little idea on where to start where to end and what to see.

I do have some ideas which I want to mention here, but please feel free to comment!   
1. The route in my head is starting in the north (probably New Delhi) and then going south along the west coast - this was based on a quick research of climatic factors.  
2. I really want to do a 10-day Vipassana course during my travels (not sure where)   
3. I want to include some hiking/nature - I was thinking more of a rainforest kind of experience than the Himalaya  
4. I want to see Goa (please let me know, where the good spots are and whether you think it is worth it)   
5. If possible I'd love to learn how to surf, so if that is possible, let me know where the best surfing spots are  


So that is pretty much all I have so far.   
Accommodation-wise I will most likely sleep in hostels.   


Please let me know your thoughts on the trip.   
What are the absolute hot spots in India? What can't be missed?   
What are some amazing hiking routes? Which guides can you recommend?   
Other travel tips are very much appreciated!  


Thank you so much :)",Non-Political
86,"Telangana man forced to carry 7-yr-old daughter's dead body as hospital refuses ambulance. Unable to afford a private vehicle, the man had to carry his dead daughter because the hospital authorities did not provide him an ambulance.",,[R]eddiquette
63,"Kashmiri here, how are you as a mainland Indian viewing the revelations from Kashmir? Has your perception about Kashmir changed by seeing the stark difference between govt propaganda and western media coverage?","Do you now believe that whatever you were told about Kashmir for last so many years was factually incorrect? How do you view all this and Indian state as general now?

&#x200B;

p.s. Asking this here on Reddit because elsewhere it's just noise.

&#x200B;

Edit: 

Thank you all for your inputs, I'll leave with following few points

1. Kashmir dispute is older than Ind and Pakistan, repression is 5 centuries old. 
2. Accession happened without consent of public and that is why plebiscite was promised- to respect public opinion. And also it is the only peaceful agreement that has consent of both the nations and Kashmiris. 
3. Autonomy of Kashmir was eroded since '57. Pro-Indian politicians were shown their place time and again throughout the political timeline of Kashmir. You can Google that it is nothing new this time.
4. What happened in 1990s- Pandit exodus is a blot on our Kashmiri society, it was partly orchestrated by govt of the day, partly induced through threat and intimidation by KMs, KMs to an extent failed them. However, another non-muslim minority-Sikhs never left, ask yourself, why? 
5. Kashmiri Sikhs have always been there when KMs needed them, always. We are forever indebted to them. 
6. The thing with Kashmir is that Kashmiri voices get lost between the din of propaganda on both the sides. We are like you, we have families and friends, we don't want to lose our loved ones to violence. You people get agitated when you Uber is late imagine our state, it has been 30 days and we have no news from our home.
7. I wonder how sub-continent would have been had there been no Kashmir issue since both India and Pak are spending millions on Kashmir that money would have ushered new development in our part of the world. As Orwell said, the war is never meant to be won it is only meant to be continuous. 
8. Kashmir is deemed to be economically backward due to joblessness which we are to a fair extent and yet we are the sole reason why Billion dollar arms industries exist- Chutzpah of its own kind.
9. Lastly, I apologize to anyone who might be hurt by my disagreement. I surely could have disagreed in a better way.",Politics
167,"No, Kerala college did not raise Pak flag; media publishes misleading reports",,Politics
12,"Kashmir protests get ugly again in London, Indian High Commission targeted.",,Politics
142,PM Narendra Modi sold tea at this Vadnagar stall in Gujarat. Now it will be a tourist spot,,Politics
162,I'm a Malayalee ABCD. Ask Me Anything.,"I'm a Malayalee ABCD (American-Born Confused Desi, if you didn't know) living in New York, in the United States! Ask me anything!",Non-Political
43,Even Pakistan's growth rate is ahead of India's,,Policy/Economy
57,"Many channels rejected me, they never considered my merit: Kerala's first transwoman journalist",,Non-Political
4,Found this in a drawer I was cleaning out. Fs in the chat,,Illegal Content
176,"Since we call the film industry of Bombay Bollywood, shouldn't Bangalore be called 'Billicon Valley'?",Wikipedia says that Bangalore is often called the *Silicon Valley of India*,Science/Technology
